{

    "metadata" :
    {
        "formatVersion" : 3.1,
        "sourceFile"    : "traffic_light.obj",
        "generatedBy"   : "OBJConverter",
        "vertices"      : 66,
        "faces"         : 62,
        "normals"       : 28,
        "colors"        : 0,
        "uvs"           : 112,
        "materials"     : 1
    },

    "scale" : 1.000000,

    "materials": [	{
	"DbgColor" : 15658734,
	"DbgIndex" : 0,
	"DbgName" : "Material__46",
	"colorAmbient" : [0.588, 0.588, 0.588],
	"colorDiffuse" : [0.588, 0.588, 0.588],
	"colorSpecular" : [0.0, 0.0, 0.0],
	"illumination" : 2,
    "mapAmbient" : "../img/metal.jpg",
    "mapDiffuse" : "../img/metal.jpg",
	"opticalDensity" : 1.5,
	"specularCoef" : 10.0,
	"transparency" : 0.0,
	"transparent" : true
	}],

    "vertices": [0.000000,0.000000,-0.000000,-0.129900,0.000000,-0.075000,-0.075000,0.000000,-0.129900,-0.000000,0.000000,-0.150000,-0.129900,0.000000,0.075000,-0.150000,0.000000,0.000000,-0.000000,0.000000,0.150000,-0.075000,0.000000,0.129900,0.129900,0.000000,0.075000,0.075000,0.000000,0.129900,0.129900,0.000000,-0.075000,0.150000,0.000000,0.000000,0.075000,0.000000,-0.129900,-0.075000,2.700000,-0.129900,-0.000000,2.700000,-0.150000,-0.129900,2.700000,-0.075000,-0.150000,2.700000,0.000000,-0.129900,2.700000,0.075000,-0.075000,2.700000,0.129900,-0.000000,2.700000,0.150000,0.075000,2.700000,0.129900,0.129900,2.700000,0.075000,0.150000,2.700000,0.000000,0.129900,2.700000,-0.075000,0.075000,2.700000,-0.129900,0.000000,2.700000,-0.000000,0.271900,2.699900,0.262100,-0.274900,2.699900,0.262100,-0.274900,2.699900,-0.260600,0.271900,2.699900,-0.260600,0.271900,4.165400,0.262100,0.271900,4.165400,-0.260600,-0.274900,4.165400,-0.260600,-0.274900,4.165400,0.262100,0.271900,3.125200,-0.260600,0.271900,3.125200,0.262100,0.471900,3.149400,0.262100,0.471900,3.149400,-0.260600,0.471900,3.179500,-0.260600,0.471900,3.179500,0.262100,0.271900,3.179500,0.262100,0.271900,3.179500,-0.260600,0.271900,3.618300,-0.260600,0.271900,3.618300,0.262100,0.471900,3.646500,0.262100,0.471900,3.646500,-0.260600,0.471900,3.675500,-0.260600,0.471900,3.675500,0.262100,0.271900,3.675500,0.262100,0.271900,3.675500,-0.260600,0.271900,4.108200,-0.260600,0.271900,4.108200,0.262100,0.471900,4.131100,0.262100,0.471900,4.131100,-0.260600,0.471900,4.165400,-0.260600,0.471900,4.165400,0.262100,-0.274900,3.123100,-0.260600,-0.274900,4.084300,-0.260600,-0.274900,3.675500,-0.260600,-0.274900,3.618300,-0.260600,-0.274900,3.179500,-0.260600,-0.274900,3.123100,0.262100,-0.274900,4.084300,0.262100,-0.274900,3.675500,0.262100,-0.274900,3.618300,0.262100,-0.274900,3.179500,0.262100],

    "morphTargets": [],

    "morphColors": [],

    "normals": [0,-1,-0,0,0,-1,-0.5,0,-0.866,-0.866,0,-0.5,-1,0,0,-0.866,0,0.5,-0.5,0,0.866,-0,0,1,0.5,0,0.866,0.866,0,0.5,1,0,0,0.866,0,-0.5,0.5,0,-0.866,0,1,-0,0,-1,-0,0,1,-0,1,0,-0,1,-0,-0,-0,0,-1,-0,-0,-1,0,-0,-1,-1,0,0,0,-0,1,0,0,1,-0,0,1,0.1201,-0.9928,-0,0.1398,-0.9902,-0,0.114,-0.9935,-0],

    "colors": [],

    "uvs": [[0.5,-0,0.9167,-0,0.8333,-0,0.75,-0,0.0833,-0,-0,-0,0.0506,-0,0.25,-0,0.1667,-0,0.4167,-0,0.3333,-0,0.5833,-0,0.5,-0,0.6667,-0,0.8333,1,0.75,1,0.9167,1,1,-0,1,1,0.0833,1,-0,1,0.1667,1,0.25,1,0.3333,1,0.4167,1,0.5,1,0.5833,1,0.6667,1,0.5,1,1,0.2678,1,1,0,1,0,0.2678,0,0.2678,1,0.2678,1,1,0,1,0,0,1,0,1,0.2902,0,0.2902,0,0.3067,1,0.3067,1,0.3272,0,0.3272,0,0.3272,1,0.3272,1,0.6267,0,0.6267,0,0.646,1,0.646,1,0.6657,0,0.6657,0,0.6657,1,0.6657,1,0.961,0,0.961,0,0.9766,1,0.9766,0.2678,0,1,0,1,0.2888,0.2678,0.2902,0.2678,1,0.2678,0.961,1,0.9447,0.2678,0.6657,1,0.6657,0.2678,0.6267,1,0.6267,0.2678,0.3272,1,0.3272,0,0,0,0.2888,0,0.9447,0,0.6657,0,0.6267,0,0.3272,0,0,0.7322,0,0.7322,0.2902,0,0.2888,0.7322,1,0,0.9447,0.7322,0.961,0.7322,0.6657,0,0.6267,0.7322,0.6267,0.7322,0.3272,1,0.2678,0,0.2678,0,0,1,0,0,0.3067,1,0.2678,0,0.2678,0,0,1,0,1,0.2678,0,0.2678,0,0,1,0,0,0.646,1,0.2678,0,0.2678,0,0,1,0,1,0.2678,0,0.2678,0,0,1,0,0,0.9766]],

    "faces": [43,0,1,2,3,0,0,1,2,3,0,0,0,0,43,0,4,5,1,0,0,4,5,6,0,0,0,0,43,0,6,7,4,0,0,7,8,4,0,0,0,0,43,0,8,9,6,0,0,9,10,7,0,0,0,0,43,0,10,11,8,0,0,11,12,9,0,0,0,0,43,0,3,12,10,0,0,3,13,11,0,0,0,0,43,3,2,13,14,0,3,2,14,15,1,2,2,1,43,2,1,15,13,0,2,1,16,14,2,3,3,2,43,1,5,16,15,0,1,17,18,16,3,4,4,3,43,5,4,17,16,0,5,4,19,20,4,5,5,4,43,4,7,18,17,0,4,8,21,19,5,6,6,5,43,7,6,19,18,0,8,7,22,21,6,7,7,6,43,6,9,20,19,0,7,10,23,22,7,8,8,7,43,9,8,21,20,0,10,9,24,23,8,9,9,8,43,8,11,22,21,0,9,12,25,24,9,10,10,9,43,11,10,23,22,0,12,11,26,25,10,11,11,10,43,10,12,24,23,0,11,13,27,26,11,12,12,11,43,12,3,14,24,0,13,3,15,27,12,1,1,12,43,25,24,14,13,0,28,27,15,14,13,13,13,13,43,25,13,15,16,0,28,14,16,18,13,13,13,13,43,25,16,17,18,0,28,20,19,21,13,13,13,13,43,25,18,19,20,0,28,21,22,23,13,13,13,13,43,25,20,21,22,0,28,23,24,25,13,13,13,13,43,25,22,23,24,0,28,25,26,27,13,13,13,13,43,26,27,28,29,0,29,30,31,32,14,14,14,14,43,30,31,32,33,0,33,34,35,36,15,15,15,15,43,26,29,34,35,0,37,38,39,40,16,16,16,16,43,36,37,38,39,0,41,42,43,44,17,17,17,16,43,40,41,42,43,0,45,46,47,48,16,16,16,16,43,44,45,46,47,0,49,50,51,52,16,16,16,16,43,48,49,50,51,0,53,54,55,56,16,16,16,16,43,52,53,54,55,0,57,58,30,31,17,17,17,16,43,29,28,56,34,0,59,60,61,62,18,18,18,19,43,32,31,50,57,0,35,63,64,65,20,19,19,18,43,57,50,49,58,0,65,64,66,67,18,19,18,18,43,58,49,42,59,0,67,66,68,69,18,18,18,18,43,59,42,41,60,0,69,68,70,71,18,18,19,19,43,60,41,34,56,0,71,70,62,61,19,19,19,18,43,28,27,61,56,0,72,60,61,73,21,21,21,21,43,33,32,57,62,0,35,36,74,65,21,21,21,21,43,62,57,58,63,0,65,74,75,67,21,21,21,21,43,63,58,59,64,0,67,75,76,69,21,21,21,21,43,64,59,60,65,0,69,76,77,71,21,21,21,21,43,65,60,56,61,0,71,77,73,61,21,21,21,21,43,27,26,35,61,0,78,79,80,81,22,22,23,23,43,30,33,62,51,0,82,31,83,84,24,23,23,24,43,51,62,63,48,0,84,83,52,85,24,23,22,22,43,48,63,64,43,0,85,52,86,87,22,22,23,23,43,43,64,65,40,0,87,86,44,88,23,23,23,23,43,40,65,61,35,0,88,44,81,80,23,23,23,23,43,35,34,37,36,0,89,90,91,92,25,25,25,25,43,34,41,38,37,0,62,70,77,93,19,19,19,19,43,41,40,39,38,0,94,95,96,97,15,15,15,15,43,40,35,36,39,0,88,80,42,43,23,23,23,23,43,43,42,45,44,0,98,99,100,101,26,26,26,26,43,42,49,46,45,0,68,66,75,102,18,18,18,18,43,49,48,47,46,0,103,104,105,106,15,15,15,15,43,48,43,44,47,0,85,87,50,51,23,23,23,23,43,31,30,55,54,0,34,33,72,60,15,15,15,15,43,30,51,52,55,0,82,84,58,30,23,23,23,23,43,51,50,53,52,0,107,108,109,110,27,27,27,27,43,50,31,54,53,0,64,63,36,111,19,19,19,19]

}
