{

    "metadata" :
    {
        "formatVersion" : 3.1,
        "sourceFile"    : "Car.obj",
        "generatedBy"   : "OBJConverter",
        "vertices"      : 192,
        "faces"         : 184,
        "normals"       : 98,
        "colors"        : 0,
        "uvs"           : 198,
        "materials"     : 2
    },

    "scale" : 1.000000,

    "materials": [	{
	"DbgColor" : 15658734,
	"DbgIndex" : 0,
	"DbgName" : "wire_135006006",
	"colorAmbient" : [0.5294, 0.0235, 0.0235],
	"colorDiffuse" : [0.5294, 0.0235, 0.0235],
	"colorSpecular" : [0.35, 0.35, 0.35],
	"illumination" : 2,
	"specularCoef" : 32.0,
	"transparency" : 0.0,
	"transparent" : true
	},

	{
	"DbgColor" : 15597568,
	"DbgIndex" : 1,
	"DbgName" : "wire_027177088",
	"colorAmbient" : [0.1059, 0.6941, 0.3451],
	"colorDiffuse" : [0.1059, 0.6941, 0.3451],
	"colorSpecular" : [0.35, 0.35, 0.35],
	"illumination" : 2,
	"specularCoef" : 32.0,
	"transparency" : 0.0,
	"transparent" : true
	}],

    "vertices": [0.886500,0.263500,1.187800,0.886500,0.900500,1.187800,0.886500,0.900500,2.008500,0.886500,0.263500,2.008500,-0.000000,0.263500,-1.991500,-0.000000,0.900500,-1.991500,0.886500,0.900500,-1.991500,0.886500,0.263500,-1.991500,0.886500,0.900500,-0.813800,-0.000000,0.900500,-0.813800,-0.000000,1.637100,-0.366100,0.886500,1.637100,-0.366100,0.886500,0.900600,-0.363300,-0.000000,1.637100,1.082200,0.886500,1.637100,1.082200,0.886500,0.900700,1.082200,-0.000000,0.900500,1.187800,0.886500,0.263500,-0.813800,0.886500,0.263500,1.082200,0.886500,0.263500,-0.361100,-0.000000,0.263500,2.008500,-0.000000,0.263500,1.187800,-0.000000,0.900500,2.008500,-0.000000,0.263500,-0.361100,-0.000000,0.263500,-0.813800,-0.000000,0.263500,1.082200,-0.886500,0.263500,1.187800,-0.886500,0.263500,2.008500,-0.886500,0.900500,2.008500,-0.886500,0.900500,1.187800,-0.886500,0.263500,-1.991500,-0.886500,0.900500,-1.991500,-0.886500,0.900500,-0.813800,-0.886500,1.637100,-0.366100,-0.886500,0.900600,-0.363300,-0.886500,1.637100,1.082200,-0.886500,0.900700,1.082200,-0.886500,0.263500,-0.813800,-0.886500,0.263500,1.082200,-0.886500,0.263500,-0.361100,-0.884600,0.299700,-1.131600,-0.884600,0.494800,-0.899100,-0.884600,0.403500,-0.846300,-0.884600,0.299700,-0.828000,-0.884600,0.598600,-1.078900,-0.884600,0.562600,-0.979800,-0.884600,0.562600,-1.283300,-0.884600,0.598600,-1.184300,-0.884600,0.403500,-1.416800,-0.884600,0.494800,-1.364100,-0.884600,0.195900,-1.416800,-0.884600,0.299700,-1.435100,-0.884600,0.036900,-1.283300,-0.884600,0.104600,-1.364100,-0.884600,0.000800,-1.078900,-0.884600,0.000800,-1.184300,-0.884600,0.104600,-0.899100,-0.884600,0.036900,-0.979800,-0.884600,0.195900,-0.846300,-1.021300,0.403500,-0.846300,-1.021300,0.299700,-0.828000,-1.021300,0.494800,-0.899100,-1.021300,0.562600,-0.979800,-1.021300,0.598600,-1.078900,-1.021300,0.598600,-1.184300,-1.021300,0.562600,-1.283300,-1.021300,0.494800,-1.364100,-1.021300,0.403500,-1.416800,-1.021300,0.299700,-1.435100,-1.021300,0.195900,-1.416800,-1.021300,0.104600,-1.364100,-1.021300,0.036900,-1.283300,-1.021300,0.000800,-1.184300,-1.021300,0.000800,-1.078900,-1.021300,0.036900,-0.979800,-1.021300,0.104600,-0.899100,-1.021300,0.195900,-0.846300,-1.021300,0.299700,-1.131600,-0.884600,0.299700,1.114500,-0.884600,0.494800,1.347000,-0.884600,0.403500,1.399700,-0.884600,0.299700,1.418000,-0.884600,0.598600,1.167200,-0.884600,0.562600,1.266300,-0.884600,0.562600,0.962700,-0.884600,0.598600,1.061800,-0.884600,0.403500,0.829300,-0.884600,0.494800,0.882000,-0.884600,0.195900,0.829300,-0.884600,0.299700,0.811000,-0.884600,0.036900,0.962700,-0.884600,0.104600,0.882000,-0.884600,0.000800,1.167200,-0.884600,0.000800,1.061800,-0.884600,0.104600,1.347000,-0.884600,0.036900,1.266300,-0.884600,0.195900,1.399700,-1.021300,0.403500,1.399700,-1.021300,0.299700,1.418000,-1.021300,0.494800,1.347000,-1.021300,0.562600,1.266300,-1.021300,0.598600,1.167200,-1.021300,0.598600,1.061800,-1.021300,0.562600,0.962700,-1.021300,0.494800,0.882000,-1.021300,0.403500,0.829300,-1.021300,0.299700,0.811000,-1.021300,0.195900,0.829300,-1.021300,0.104600,0.882000,-1.021300,0.036900,0.962700,-1.021300,0.000800,1.061800,-1.021300,0.000800,1.167200,-1.021300,0.036900,1.266300,-1.021300,0.104600,1.347000,-1.021300,0.195900,1.399700,-1.021300,0.299700,1.114500,1.019200,0.299700,1.114500,1.019200,0.494800,1.347000,1.019200,0.403500,1.399700,1.019200,0.299700,1.418000,1.019200,0.598600,1.167200,1.019200,0.562600,1.266300,1.019200,0.562600,0.962700,1.019200,0.598600,1.061800,1.019200,0.403500,0.829300,1.019200,0.494800,0.882000,1.019200,0.195900,0.829300,1.019200,0.299700,0.811000,1.019200,0.036900,0.962700,1.019200,0.104600,0.882000,1.019200,0.000800,1.167200,1.019200,0.000800,1.061800,1.019200,0.104600,1.347000,1.019200,0.036900,1.266300,1.019200,0.195900,1.399700,0.882500,0.403500,1.399700,0.882500,0.299700,1.418000,0.882500,0.494800,1.347000,0.882500,0.562600,1.266300,0.882500,0.598600,1.167200,0.882500,0.598600,1.061800,0.882500,0.562600,0.962700,0.882500,0.494800,0.882000,0.882500,0.403500,0.829300,0.882500,0.299700,0.811000,0.882500,0.195900,0.829300,0.882500,0.104600,0.882000,0.882500,0.036900,0.962700,0.882500,0.000800,1.061800,0.882500,0.000800,1.167200,0.882500,0.036900,1.266300,0.882500,0.104600,1.347000,0.882500,0.195900,1.399700,0.882500,0.299700,1.114500,1.019200,0.299700,-1.131600,1.019200,0.494800,-0.899100,1.019200,0.403500,-0.846300,1.019200,0.299700,-0.828000,1.019200,0.598600,-1.078900,1.019200,0.562600,-0.979800,1.019200,0.562600,-1.283300,1.019200,0.598600,-1.184300,1.019200,0.403500,-1.416800,1.019200,0.494800,-1.364100,1.019200,0.195900,-1.416800,1.019200,0.299700,-1.435100,1.019200,0.036900,-1.283300,1.019200,0.104600,-1.364100,1.019200,0.000800,-1.078900,1.019200,0.000800,-1.184300,1.019200,0.104600,-0.899100,1.019200,0.036900,-0.979800,1.019200,0.195900,-0.846300,0.882500,0.403500,-0.846300,0.882500,0.299700,-0.828000,0.882500,0.494800,-0.899100,0.882500,0.562600,-0.979800,0.882500,0.598600,-1.078900,0.882500,0.598600,-1.184300,0.882500,0.562600,-1.283300,0.882500,0.494800,-1.364100,0.882500,0.403500,-1.416800,0.882500,0.299700,-1.435100,0.882500,0.195900,-1.416800,0.882500,0.104600,-1.364100,0.882500,0.036900,-1.283300,0.882500,0.000800,-1.184300,0.882500,0.000800,-1.078900,0.882500,0.036900,-0.979800,0.882500,0.104600,-0.899100,0.882500,0.195900,-0.846300,0.882500,0.299700,-1.131600],

    "morphTargets": [],

    "morphColors": [],

    "normals": [1,0,0,1,-0,0,0,0,-1,0,0.8716,-0.4902,1,0,-0,1,-0,-0,-0,0.7556,0.655,0,0.7556,0.655,0,1,-0,0,-1,-0,0,0,1,-0,-1,-0,0,-1,0,-0,-1,0,-1,0,0,-0,0.8716,-0.4902,-1,0,-0,-1,-0,-0,1,0,0,-0,-0,1,-0,0.342,0.9397,-0,0.6428,0.766,-0,0.866,0.5,-0,0.9848,0.1736,-0,0.9848,-0.1736,0,0.866,-0.5,0,0.6428,-0.766,0,0.342,-0.9397,0,0,-1,0,-0.342,-0.9397,0,-0.6428,-0.766,0,-0.866,-0.5,0,-0.9848,-0.1736,0,-0.9848,0.1736,-0,-0.866,0.5,-0,-0.6428,0.766,-0,-0.342,0.9397,-1,-0,-0,1,0,0,-0,-0,1,-0,0.342,0.9397,-0,0.6428,0.766,-0,0.866,0.5,-0,0.9848,0.1736,-0,0.9848,-0.1736,0,0.866,-0.5,0,0.6428,-0.766,0,0.342,-0.9397,0,0,-1,0,-0.342,-0.9397,0,-0.6428,-0.766,0,-0.866,-0.5,0,-0.9848,-0.1736,0,-0.9848,0.1736,-0,-0.866,0.5,-0,-0.6428,0.766,-0,-0.342,0.9397,-1,-0,-0,1,0,0,-0,-0,1,-0,0.342,0.9397,-0,0.6428,0.766,-0,0.866,0.5,-0,0.9848,0.1736,-0,0.9848,-0.1736,0,0.866,-0.5,0,0.6428,-0.766,0,0.342,-0.9397,0,0,-1,0,-0.342,-0.9397,0,-0.6428,-0.766,0,-0.866,-0.5,0,-0.9848,-0.1736,0,-0.9848,0.1736,-0,-0.866,0.5,-0,-0.6428,0.766,-0,-0.342,0.9397,-1,-0,-0,1,0,0,-0,-0,1,-0,0.342,0.9397,-0,0.6428,0.766,-0,0.866,0.5,-0,0.9848,0.1736,-0,0.9848,-0.1736,0,0.866,-0.5,0,0.6428,-0.766,0,0.342,-0.9397,0,0,-1,0,-0.342,-0.9397,0,-0.6428,-0.766,0,-0.866,-0.5,0,-0.9848,-0.1736,0,-0.9848,0.1736,-0,-0.866,0.5,-0,-0.6428,0.766,-0,-0.342,0.9397,-1,-0,-0],

    "colors": [],