{

    "metadata" :
    {
        "formatVersion" : 3.1,
        "sourceFile"    : "car.obj",
        "generatedBy"   : "OBJConverter",
        "vertices"      : 192,
        "faces"         : 184,
        "normals"       : 93,
        "colors"        : 0,
        "uvs"           : 198,
        "materials"     : 2
    },

    "scale" : 1.000000,

    "materials": [	{
	"DbgColor" : 15658734,
	"DbgIndex" : 0,
	"DbgName" : "wire_027177088",
	"colorAmbient" : [0.1059, 0.6941, 0.3451],
	"colorDiffuse" : [0.1059, 0.6941, 0.3451],
	"colorSpecular" : [0.35, 0.35, 0.35],
	"illumination" : 2,
	"specularCoef" : 32.0,
	"transparency" : 0.0,
	"transparent" : true
	},

	{
	"DbgColor" : 15597568,
	"DbgIndex" : 1,
	"DbgName" : "wire_135006006",
	"colorAmbient" : [0.5294, 0.0235, 0.0235],
	"colorDiffuse" : [0.5294, 0.0235, 0.0235],
	"colorSpecular" : [0.35, 0.35, 0.35],
	"illumination" : 2,
	"specularCoef" : 32.0,
	"transparency" : 0.0,
	"transparent" : true
	}],

    "vertices": [1.140100,0.299700,-0.883500,0.907600,0.494800,-0.883500,0.854900,0.403500,-0.883500,0.836500,0.299700,-0.883500,1.087400,0.598600,-0.883500,0.988300,0.562600,-0.883500,1.291800,0.562600,-0.883500,1.192800,0.598600,-0.883500,1.425300,0.403500,-0.883500,1.372600,0.494800,-0.883500,1.425300,0.195900,-0.883500,1.443600,0.299700,-0.883500,1.291800,0.036900,-0.883500,1.372600,0.104600,-0.883500,1.087400,0.000800,-0.883500,1.192800,0.000800,-0.883500,0.907600,0.104600,-0.883500,0.988300,0.036900,-0.883500,0.854900,0.195900,-0.883500,0.854900,0.403500,-1.020200,0.836500,0.299700,-1.020200,0.907600,0.494800,-1.020200,0.988300,0.562600,-1.020200,1.087400,0.598600,-1.020200,1.192800,0.598600,-1.020200,1.291800,0.562600,-1.020200,1.372600,0.494800,-1.020200,1.425300,0.403500,-1.020200,1.443600,0.299700,-1.020200,1.425300,0.195900,-1.020200,1.372600,0.104600,-1.020200,1.291800,0.036900,-1.020200,1.192800,0.000800,-1.020200,1.087400,0.000800,-1.020200,0.988300,0.036900,-1.020200,0.907600,0.104600,-1.020200,0.854900,0.195900,-1.020200,1.140100,0.299700,-1.020200,1.140100,0.299700,1.020200,0.907600,0.494800,1.020200,0.854900,0.403500,1.020200,0.836500,0.299700,1.020200,1.087400,0.598600,1.020200,0.988300,0.562600,1.020200,1.291800,0.562600,1.020200,1.192800,0.598600,1.020200,1.425300,0.403500,1.020200,1.372600,0.494800,1.020200,1.425300,0.195900,1.020200,1.443600,0.299700,1.020200,1.291800,0.036900,1.020200,1.372600,0.104600,1.020200,1.087400,0.000800,1.020200,1.192800,0.000800,1.020200,0.907600,0.104600,1.020200,0.988300,0.036900,1.020200,0.854900,0.195900,1.020200,0.854900,0.403500,0.883500,0.836500,0.299700,0.883500,0.907600,0.494800,0.883500,0.988300,0.562600,0.883500,1.087400,0.598600,0.883500,1.192800,0.598600,0.883500,1.291800,0.562600,0.883500,1.372600,0.494800,0.883500,1.425300,0.403500,0.883500,1.443600,0.299700,0.883500,1.425300,0.195900,0.883500,1.372600,0.104600,0.883500,1.291800,0.036900,0.883500,1.192800,0.000800,0.883500,1.087400,0.000800,0.883500,0.988300,0.036900,0.883500,0.907600,0.104600,0.883500,0.854900,0.195900,0.883500,1.140100,0.299700,0.883500,-1.106000,0.299700,-0.883500,-1.338500,0.494800,-0.883500,-1.391200,0.403500,-0.883500,-1.409500,0.299700,-0.883500,-1.158700,0.598600,-0.883500,-1.257800,0.562600,-0.883500,-0.954200,0.562600,-0.883500,-1.053300,0.598600,-0.883500,-0.820800,0.403500,-0.883500,-0.873500,0.494800,-0.883500,-0.820800,0.195900,-0.883500,-0.802500,0.299700,-0.883500,-0.954200,0.036900,-0.883500,-0.873500,0.104600,-0.883500,-1.158700,0.000800,-0.883500,-1.053300,0.000800,-0.883500,-1.338500,0.104600,-0.883500,-1.257800,0.036900,-0.883500,-1.391200,0.195900,-0.883500,-1.391200,0.403500,-1.020200,-1.409500,0.299700,-1.020200,-1.338500,0.494800,-1.020200,-1.257800,0.562600,-1.020200,-1.158700,0.598600,-1.020200,-1.053300,0.598600,-1.020200,-0.954200,0.562600,-1.020200,-0.873500,0.494800,-1.020200,-0.820800,0.403500,-1.020200,-0.802500,0.299700,-1.020200,-0.820800,0.195900,-1.020200,-0.873500,0.104600,-1.020200,-0.954200,0.036900,-1.020200,-1.053300,0.000800,-1.020200,-1.158700,0.000800,-1.020200,-1.257800,0.036900,-1.020200,-1.338500,0.104600,-1.020200,-1.391200,0.195900,-1.020200,-1.106000,0.299700,-1.020200,-1.106000,0.299700,1.020200,-1.338500,0.494800,1.020200,-1.391200,0.403500,1.020200,-1.409500,0.299700,1.020200,-1.158700,0.598600,1.020200,-1.257800,0.562600,1.020200,-0.954200,0.562600,1.020200,-1.053300,0.598600,1.020200,-0.820800,0.403500,1.020200,-0.873500,0.494800,1.020200,-0.820800,0.195900,1.020200,-0.802500,0.299700,1.020200,-0.954200,0.036900,1.020200,-0.873500,0.104600,1.020200,-1.158700,0.000800,1.020200,-1.053300,0.000800,1.020200,-1.338500,0.104600,1.020200,-1.257800,0.036900,1.020200,-1.391200,0.195900,1.020200,-1.391200,0.403500,0.883500,-1.409500,0.299700,0.883500,-1.338500,0.494800,0.883500,-1.257800,0.562600,0.883500,-1.158700,0.598600,0.883500,-1.053300,0.598600,0.883500,-0.954200,0.562600,0.883500,-0.873500,0.494800,0.883500,-0.820800,0.403500,0.883500,-0.802500,0.299700,0.883500,-0.820800,0.195900,0.883500,-0.873500,0.104600,0.883500,-0.954200,0.036900,0.883500,-1.053300,0.000800,0.883500,-1.158700,0.000800,0.883500,-1.257800,0.036900,0.883500,-1.338500,0.104600,0.883500,-1.391200,0.195900,0.883500,-1.106000,0.299700,0.883500,-1.179300,0.263500,0.887500,-1.179300,0.900500,0.887500,-2.000000,0.900500,0.887500,-2.000000,0.263500,0.887500,2.000000,0.263500,0.001100,2.000000,0.900500,0.001100,2.000000,0.900500,0.887500,2.000000,0.263500,0.887500,0.822300,0.900500,0.887500,0.822300,0.900500,0.001100,0.374600,1.637100,0.001100,0.374600,1.637100,0.887500,0.371800,0.900600,0.887500,-1.073700,1.637100,0.001100,-1.073700,1.637100,0.887500,-1.073700,0.900700,0.887500,-1.179300,0.900500,0.001100,0.822300,0.263500,0.887500,-1.073700,0.263500,0.887500,0.369600,0.263500,0.887500,-2.000000,0.263500,0.001100,-1.179300,0.263500,0.001100,-2.000000,0.900500,0.001100,0.369600,0.263500,0.001100,0.822300,0.263500,0.001100,-1.073700,0.263500,0.001100,-1.179300,0.263500,-0.885400,-2.000000,0.263500,-0.885400,-2.000000,0.900500,-0.885400,-1.179300,0.900500,-0.885400,2.000000,0.263500,-0.885400,2.000000,0.900500,-0.885400,0.822300,0.900500,-0.885400,0.374600,1.637100,-0.885400,0.371800,0.900600,-0.885400,-1.073700,1.637100,-0.885400,-1.073700,0.900700,-0.885400,0.822300,0.263500,-0.885400,-1.073700,0.263500,-0.885400,0.369600,0.263500,-0.885400],

    "morphTargets": [],

    "morphColors": [],

    "normals": [-0,0,1,-1,-0,-0,-0.9397,0.342,-0,-0.766,0.6428,-0,-0.5,0.866,-0,-0.1736,0.9848,-0,0.1736,0.9848,-0,0.5,0.866,0,0.766,0.6428,0,0.9397,0.342,0,1,0,0,0.9397,-0.342,0,0.766,-0.6428,0,0.5,-0.866,0,0.1736,-0.9848,0,-0.1736,-0.9848,0,-0.5,-0.866,-0,-0.766,-0.6428,-0,-0.9397,-0.342,-0,0,-0,-1,-0,0,1,-1,-0,-0,-0.9397,0.342,-0,-0.766,0.6428,-0,-0.5,0.866,-0,-0.1736,0.9848,-0,0.1736,0.9848,-0,0.5,0.866,0,0.766,0.6428,0,0.9397,0.342,0,1,0,0,0.9397,-0.342,0,0.766,-0.6428,0,0.5,-0.866,0,0.1736,-0.9848,0,-0.1736,-0.9848,0,-0.5,-0.866,-0,-0.766,-0.6428,-0,-0.9397,-0.342,-0,0,-0,-1,-0,0,1,-1,-0,-0,-0.9397,0.342,-0,-0.766,0.6428,-0,-0.5,0.866,-0,-0.1736,0.9848,-0,0.1736,0.9848,-0,0.5,0.866,0,0.766,0.6428,0,0.9397,0.342,0,1,0,0,0.9397,-0.342,0,0.766,-0.6428,0,0.5,-0.866,0,0.1736,-0.9848,0,-0.1736,-0.9848,0,-0.5,-0.866,-0,-0.766,-0.6428,-0,-0.9397,-0.342,-0,0,-0,-1,-0,0,1,-1,-0,-0,-0.9397,0.342,-0,-0.766,0.6428,-0,-0.5,0.866,-0,-0.1736,0.9848,-0,0.1736,0.9848,-0,0.5,0.866,0,0.766,0.6428,0,0.9397,0.342,0,1,0,0,0.9397,-0.342,0,0.766,-0.6428,0,0.5,-0.866,0,0.1736,-0.9848,0,-0.1736,-0.9848,0,-0.5,-0.866,-0,-0.766,-0.6428,-0,-0.9397,-0.342,-0,0,-0,-1,-0,0,1,-0,-0,1,1,0,0,0.4902,0.8716,0,-0.655,0.7556,-0,0,1,-0,0,-1,-0,0,1,0,-1,0,-0,0,-1,0,-0,-1,-0,0,0,-1,0,-0,-1],

    "colors": [],