{

    "metadata" :
    {
        "formatVersion" : 3.1,
        "sourceFile"    : "road_up_left.obj",
        "generatedBy"   : "OBJConverter",
        "vertices"      : 8,
        "faces"         : 6,
        "normals"       : 6,
        "colors"        : 0,
        "uvs"           : 24,
        "materials"     : 1
    },

    "scale" : 1.000000,

    "materials": [	{
	"DbgColor" : 15658734,
	"DbgIndex" : 0,
	"DbgName" : "Material__46",
	"colorAmbient" : [0.588, 0.588, 0.588],
	"colorDiffuse" : [0.588, 0.588, 0.588],
	"colorSpecular" : [0.0, 0.0, 0.0],
	"illumination" : 2,
        "mapAmbient" : "../img/road.png",
        "mapDiffuse" : "../img/road.png",
	"opticalDensity" : 1.5,
	"specularCoef" : 10.0,
	"transparency" : 0.0,
	"transparent" : true
	}],

    "vertices": [-4.067700,0.000000,4.258800,-4.067700,0.000000,-3.741200,3.932300,0.000000,-3.741200,3.932300,0.000000,4.258800,-4.067700,0.100000,4.258800,3.932300,0.100000,4.258800,3.932300,0.100000,-3.741200,-4.067700,0.100000,-3.741200],

    "morphTargets": [],

    "morphColors": [],

    "normals": [0,-1,-0,0,1,-0,0,0,1,1,0,-0,0,0,-1,-1,0,-0],

    "colors": [],

    "uvs": [[0.7521,0.2419,0.7521,0.4919,0.5021,0.4919,0.5021,0.2419,0.2479,0.2419,0.4979,0.2419,0.4979,0.4919,0.2479,0.4919,0.2479,0.5,0.4979,0.5,0.4979,0.5031,0.2479,0.5031,0.2419,0.5,0.4919,0.5,0.4919,0.5031,0.2419,0.5031,0.5021,0.5,0.7521,0.5,0.7521,0.5031,0.5021,0.5031,0.5081,0.5,0.7581,0.5,0.7581,0.5031,0.5081,0.5031]],

    "faces": [43,0,1,2,3,0,0,1,2,3,0,0,0,0,43,4,5,6,7,0,4,5,6,7,1,1,1,1,43,0,3,5,4,0,8,9,10,11,2,2,2,2,43,3,2,6,5,0,12,13,14,15,3,3,3,3,43,2,1,7,6,0,16,17,18,19,4,4,4,4,43,1,0,4,7,0,20,21,22,23,5,5,5,5]

}
