{

    "metadata" :
    {
        "formatVersion" : 3.1,
        "sourceFile"    : "road_crossroads.obj",
        "generatedBy"   : "OBJConverter",
        "vertices"      : 8,
        "faces"         : 6,
        "normals"       : 6,
        "colors"        : 0,
        "uvs"           : 18,
        "materials"     : 1
    },

    "scale" : 1.000000,

    "materials": [	{
	"DbgColor" : 15658734,
	"DbgIndex" : 0,
	"DbgName" : "Material__46",
	"colorAmbient" : [0.588, 0.588, 0.588],
	"colorDiffuse" : [0.588, 0.588, 0.588],
	"colorSpecular" : [0.0, 0.0, 0.0],
	"illumination" : 2,
    "mapAmbient" : "../img/road.jpg",
    "mapDiffuse" : "../img/road.jpg",
	"opticalDensity" : 1.5,
	"specularCoef" : 10.0,
	"transparency" : 0.0,
	"transparent" : true
	}],

    "vertices": [-4.000000,0.000000,4.000000,-4.000000,0.000000,-4.000000,4.000000,0.000000,-4.000000,4.000000,0.000000,4.000000,-4.000000,0.100000,4.000000,4.000000,0.100000,4.000000,4.000000,0.100000,-4.000000,-4.000000,0.100000,-4.000000],

    "morphTargets": [],

    "morphColors": [],

    "normals": [0,-1,-0,0,1,-0,0,0,1,1,0,-0,0,0,-1,-1,0,-0],

    "colors": [],

    "uvs": [[0.5,0.5,0.5,0.75,0.25,0.75,0.25,0.5,0.5,0.5,0.75,0.5,0.75,0.75,0.5,0.75,0.75,0.5,0.75,0.5031,0.5,0.5031,0.5,0.5,0.75,0.5,0.75,0.5031,0.5,0.5031,0.25,0.5,0.25,0.5031,0.25,0.5031]],

    "faces": [43,0,1,2,3,0,0,1,2,3,0,0,0,0,43,4,5,6,7,0,4,5,6,7,1,1,1,1,43,0,3,5,4,0,0,8,9,10,2,2,2,2,43,3,2,6,5,0,11,12,13,14,3,3,3,3,43,2,1,7,6,0,15,11,14,16,4,4,4,4,43,1,0,4,7,0,3,0,10,17,5,5,5,5]

}
