{
    "name": "CubeGeometry",
    "vertices": [4,-0.1,-4,4,-0.1,4,-4,-0.1,4,-4,-0.1,-4,4,0.1,-4,4,0.1,4,-4,0.1,4,-4,0.1,-4],
    "materials": [{
        "depthWrite": true,
        "DbgName": "Material",
        "specularCoef": 50,
        "wireframe": false,
        "DbgColor": 15658734,
        "shading": "phong",
        "colorSpecular": [0.5,0.5,0.5],
        "DbgIndex": 0,
        "colorEmissive": [0,0,0],
        "visible": true,
        "colorDiffuse": [0.64,0.64,0.64],
        "colorAmbient": [0.64,0.64,0.64],
        "transparent": false,
        "blending": "NormalBlending",
        "opacity": 1,
        "depthTest": true
    }],
    "faces": [35,0,1,2,3,0,0,1,2,3,35,4,7,6,5,0,4,5,6,7,35,0,4,5,1,0,0,4,7,1,35,1,5,6,2,0,1,7,6,2,35,2,6,7,3,0,2,6,5,3,35,4,0,3,7,0,4,0,3,5],
    "metadata": {
        "vertices": 8,
        "faces": 6,
        "generator": "io_three",
        "normals": 8,
        "version": 3,
        "type": "Geometry",
        "materials": 1,
        "uvs": 0
    },
    "normals": [0.577319,-0.577319,-0.577349,0.577349,-0.577349,0.577319,-0.577319,-0.577349,0.577349,-0.577319,-0.577319,-0.577349,0.577349,0.577349,-0.577319,-0.577349,0.577349,-0.577319,-0.577349,0.577319,0.577349,0.577319,0.577349,0.577349],
    "uvs": []
}